--NHAP DATA CHO BANG NHANVIEN
INSERT INTO NHANVIEN(MANV,HOTEN,SODT,NGLV)
VALUES ('NV01','NGUYEN NHU NHUT','0927345678','2006/04/13')
INSERT INTO NHANVIEN(MANV,HOTEN,SODT,NGLV)
VALUES ('NV02','LE THI PHI YEN','0987567390','2006/04/21')
INSERT INTO NHANVIEN(MANV,HOTEN,SODT,NGLV)
VALUES ('NV03','NGUYEN VAN B','0997047382','2006/04/27')
INSERT INTO NHANVIEN(MANV,HOTEN,SODT,NGLV)
VALUES ('NV04','NGO THANH TUAN','0913758498','2006/06/24')
INSERT INTO NHANVIEN(MANV,HOTEN,SODT,NGLV)
VALUES ('NV05','NGUYEN THI TRUC THANH','0918590387','2006/07/20')

--NHAP DATA CHO BANG KHACHHANG
INSERT INTO KHACHHANG(MAKH,HOTEN,DCHI,SODT,NGSINH,DOANHSO,NGDK)
VALUES('KH01','NGUYEN VAN A','731 TRAN HUNG DAO, Q5, TPHCM','08823451','1960/10/22','13,060,000','2006/07/22')
INSERT INTO KHACHHANG(MAKH,HOTEN,DCHI,SODT,NGSINH,DOANHSO,NGDK)
VALUES('KH02','TRAN NGOC HAN','23/5 NGUYEN TRAI, Q5, TPHCM','0908256478','1974/04/03','280,000','2006/07/30')
INSERT INTO KHACHHANG(MAKH,HOTEN,DCHI,SODT,NGSINH,DOANHSO,NGDK)
VALUES('KH03','TRAN NGOC LINH','45 NGUYEN CANH CHAN, Q1, TPHCM','0938776266','1980/06/12','3,860,000','2006/08/05')
INSERT INTO KHACHHANG(MAKH,HOTEN,DCHI,SODT,NGSINH,DOANHSO,NGDK)
VALUES('KH04','TRAN MINH LONG','50/34 LE DAI HANH, Q10, TPHCM','0917325476','1965/03/09','250,000','2006/10/02')
INSERT INTO KHACHHANG(MAKH,HOTEN,DCHI,SODT,NGSINH,DOANHSO,NGDK)
VALUES('KH05','LE NHAT MINH','34 TRUONG DINH, Q3, TPHCM','08246108','1950/03/10','21,000','2006/10/28')
INSERT INTO KHACHHANG(MAKH,HOTEN,DCHI,SODT,NGSINH,DOANHSO,NGDK)
VALUES('KH06','LE HOAI THUONG','227 NGUYEN VAN CU, Q5, TPHCM','08631738','1981/12/31','915,000','2006/11/24')
INSERT INTO KHACHHANG(MAKH,HOTEN,DCHI,SODT,NGSINH,DOANHSO,NGDK)
VALUES('KH07','NGUYEN VAN TAM','32/3 TRAN BINH TRONG, Q5, TPHCM','0916783565','1971/04/06','12,500','2006/12/01')
INSERT INTO KHACHHANG(MAKH,HOTEN,DCHI,SODT,NGSINH,DOANHSO,NGDK)
VALUES('KH08','PHAN THI THANH','45/2 AN DUONG VUONG, Q5, TPHCM','0938435756','1971/01/10','365,000','2006/12/13')
INSERT INTO KHACHHANG(MAKH,HOTEN,DCHI,SODT,NGSINH,DOANHSO,NGDK)
VALUES('KH09','LE HA VINH','873 LE HONG PHONG, Q5, TPHCM','08654763','1979/09/03','70,000','2007/01/14')
INSERT INTO KHACHHANG(MAKH,HOTEN,DCHI,SODT,NGSINH,DOANHSO,NGDK)
VALUES('KH10','HA DUY LAP','34/34B NGUYEN TRAI, Q1, TPHCM','08768904','1983/05/02','67,500','2007/01/16')

--NHAP DATA CHO BANG SANPHAM
INSERT INTO SANPHAM(MASP,TENSP,DVT,NUOCSX,GIA)
VALUES('BC01','BUT CHI','CAY','SINGAPORE','3,000')
INSERT INTO SANPHAM(MASP,TENSP,DVT,NUOCSX,GIA)
VALUES('BC02','BUT CHI','CAY','SINGAPORE','5,000')
INSERT INTO SANPHAM(MASP,TENSP,DVT,NUOCSX,GIA)
VALUES('BC03','BUT CHI','CAY','VIET NAM','3,500')
INSERT INTO SANPHAM(MASP,TENSP,DVT,NUOCSX,GIA)
VALUES('BC04','BUT CHI','HOP','VIET NAM','30,000')
INSERT INTO SANPHAM(MASP,TENSP,DVT,NUOCSX,GIA)
VALUES('BB01','BUT BI','CAY','VIET NAM','5,000')
INSERT INTO SANPHAM(MASP,TENSP,DVT,NUOCSX,GIA)
VALUES('BB02','BUT BI','CAY','TRUNG QUOC','7,000')
INSERT INTO SANPHAM(MASP,TENSP,DVT,NUOCSX,GIA)
VALUES('BB03','BUT BI','HOP','THAI LAN','100,000')
INSERT INTO SANPHAM(MASP,TENSP,DVT,NUOCSX,GIA)
VALUES('TV01','TAP 100 GIAY MONG','QUYEN','TRUNG QUOC','2,500')
INSERT INTO SANPHAM(MASP,TENSP,DVT,NUOCSX,GIA)
VALUES('TV02','TAP 200 GIAY MONG','QUYEN','TRUNG QUOC','4,500')
INSERT INTO SANPHAM(MASP,TENSP,DVT,NUOCSX,GIA)
VALUES('TV03','TAP 100 GIAY TOT','QUYEN','VIET NAM','3,000')
INSERT INTO SANPHAM(MASP,TENSP,DVT,NUOCSX,GIA)
VALUES('TV04','TAP 200 GIAY TOT','QUYEN','VIET NAM','5,500')
INSERT INTO SANPHAM(MASP,TENSP,DVT,NUOCSX,GIA)
VALUES('TV05','TAP 100 TRANG','CHUC','VIET NAM','23,000')
INSERT INTO SANPHAM(MASP,TENSP,DVT,NUOCSX,GIA)
VALUES('TV06','TAP 200 TRANG','CHUC','VIET NAM','53,000')
INSERT INTO SANPHAM(MASP,TENSP,DVT,NUOCSX,GIA)
VALUES('TV07','TAP 100 TRANG','CHUC','TRUNG QUOC','34,000')
INSERT INTO SANPHAM(MASP,TENSP,DVT,NUOCSX,GIA)
VALUES('ST01','SO TAY 500 TRANG','QUYEN','TRUNG QUOC','40,000')
INSERT INTO SANPHAM(MASP,TENSP,DVT,NUOCSX,GIA)
VALUES('ST02','SO TAY LOAI 1','QUYEN','VIET NAM','55,000')
INSERT INTO SANPHAM(MASP,TENSP,DVT,NUOCSX,GIA)
VALUES('ST03','SO TAY LOAI 2','QUYEN','VIET NAM','51,000')
INSERT INTO SANPHAM(MASP,TENSP,DVT,NUOCSX,GIA)
VALUES('ST04','SO TAY','QUYEN','THAI LAN','55,000')
INSERT INTO SANPHAM(MASP,TENSP,DVT,NUOCSX,GIA)
VALUES('ST05','SO TAY MONG','QUYEN','THAI LAN','20,000')
INSERT INTO SANPHAM(MASP,TENSP,DVT,NUOCSX,GIA)
VALUES('ST06','PHAN VIET BANG','HOP','VIET NAM','5,000')
INSERT INTO SANPHAM(MASP,TENSP,DVT,NUOCSX,GIA)
VALUES('ST07','PHAN KHONG BUI','HOP','VIET NAM','7,000')
INSERT INTO SANPHAM(MASP,TENSP,DVT,NUOCSX,GIA)
VALUES('ST08','BONG BANG','CAI','VIET NAM','1,000')
INSERT INTO SANPHAM(MASP,TENSP,DVT,NUOCSX,GIA)
VALUES('ST09','BUT LONG','CAY','VIET NAM','5,000')
INSERT INTO SANPHAM(MASP,TENSP,DVT,NUOCSX,GIA)
VALUES('ST10','BUT LONG','CAY','TRUNG QUOC','7,000')

--NHAP DATA O BANG HOADON
INSERT INTO HOADON(SOHD,NGHD,MAKH,MANV,TRIGIA)
VALUES('1001','2006/07/23','KH01','NV01','320,000')
INSERT INTO HOADON(SOHD,NGHD,MAKH,MANV,TRIGIA)
VALUES('1002','2006/08/12','KH01','NV02','840,000')
INSERT INTO HOADON(SOHD,NGHD,MAKH,MANV,TRIGIA)
VALUES('1003','2006/08/23','KH02','NV01','100,000')
INSERT INTO HOADON(SOHD,NGHD,MAKH,MANV,TRIGIA)
VALUES('1004','2006/09/01','KH02','NV01','180,000')
INSERT INTO HOADON(SOHD,NGHD,MAKH,MANV,TRIGIA)
VALUES('1005','2006/10/20','KH01','NV02','3,800,000')
INSERT INTO HOADON(SOHD,NGHD,MAKH,MANV,TRIGIA)
VALUES('1006','2006/10/16','KH01','NV03','2,430,000')
INSERT INTO HOADON(SOHD,NGHD,MAKH,MANV,TRIGIA)
VALUES('1007','2006/10/28','KH03','NV03','510,000')
INSERT INTO HOADON(SOHD,NGHD,MAKH,MANV,TRIGIA)
VALUES('1008','2006/10/28','KH01','NV03','440,000')
INSERT INTO HOADON(SOHD,NGHD,MAKH,MANV,TRIGIA)
VALUES('1009','2006/10/28','KH03','NV04','200,000')
INSERT INTO HOADON(SOHD,NGHD,MAKH,MANV,TRIGIA)
VALUES('1010','2006/11/01','KH01','NV01','5,200,000')
INSERT INTO HOADON(SOHD,NGHD,MAKH,MANV,TRIGIA)
VALUES('1011','2006/11/04','KH04','NV03','250,000')
INSERT INTO HOADON(SOHD,NGHD,MAKH,MANV,TRIGIA)
VALUES('1012','2006/11/30','KH05','NV03','21,000')
INSERT INTO HOADON(SOHD,NGHD,MAKH,MANV,TRIGIA)
VALUES('1013','2006/12/12','KH06','NV01','5,000')
INSERT INTO HOADON(SOHD,NGHD,MAKH,MANV,TRIGIA)
VALUES('1014','2006/12/31','KH03','NV02','3,150,,000')
INSERT INTO HOADON(SOHD,NGHD,MAKH,MANV,TRIGIA)
VALUES('1015','2007/01/01','KH06','NV01','910,000')
INSERT INTO HOADON(SOHD,NGHD,MAKH,MANV,TRIGIA)
VALUES('1016','2007/01/01','KH07','NV02','12,500')
INSERT INTO HOADON(SOHD,NGHD,MAKH,MANV,TRIGIA)
VALUES('1017','2007/01/02','KH08','NV03','35,000')
INSERT INTO HOADON(SOHD,NGHD,MAKH,MANV,TRIGIA)
VALUES('1018','2007/01/13','KH08','NV03','330,000')
INSERT INTO HOADON(SOHD,NGHD,MAKH,MANV,TRIGIA)
VALUES('1019','2007/01/13','KH01','NV03','30,000')
INSERT INTO HOADON(SOHD,NGHD,MAKH,MANV,TRIGIA)
VALUES('1020','2007/01/14','KH09','NV04','70,000')
INSERT INTO HOADON(SOHD,NGHD,MAKH,MANV,TRIGIA)
VALUES('1021','2007/01/16','KH10','NV03','67,500')
INSERT INTO HOADON(SOHD,NGHD,MANV,TRIGIA)
VALUES('1022','2007/01/16','NV03','7,000')
INSERT INTO HOADON(SOHD,NGHD,MANV,TRIGIA)
VALUES('1023','2007/01/17','NV01','330,000')

--NHAP DATA O BANG CTHD
INSERT INTO CTHD(SOHD,MASP,SL)
VALUES('1001','TV02','10')
INSERT INTO CTHD(SOHD,MASP,SL)
VALUES('1001','ST01','5')
INSERT INTO CTHD(SOHD,MASP,SL)
VALUES('1001','BC01','5')
INSERT INTO CTHD(SOHD,MASP,SL)
VALUES('1001','BC02','10')
INSERT INTO CTHD(SOHD,MASP,SL)
VALUES('1001','ST08','10')
INSERT INTO CTHD(SOHD,MASP,SL)
VALUES('1002','BC04','20')
INSERT INTO CTHD(SOHD,MASP,SL)
VALUES('1002','BB01','20')
INSERT INTO CTHD(SOHD,MASP,SL)
VALUES('1002','BB02','20')
INSERT INTO CTHD(SOHD,MASP,SL)
VALUES('1003','BB03','10')
INSERT INTO CTHD(SOHD,MASP,SL)
VALUES('1004','TV01','20')
INSERT INTO CTHD(SOHD,MASP,SL)
VALUES('1004','TV02','10')
INSERT INTO CTHD(SOHD,MASP,SL)
VALUES('1004','TV03','10')
INSERT INTO CTHD(SOHD,MASP,SL)
VALUES('1004','TV04','10')
INSERT INTO CTHD(SOHD,MASP,SL)
VALUES('1005','TV05','50')
INSERT INTO CTHD(SOHD,MASP,SL)
VALUES('1005','TV06','50')
INSERT INTO CTHD(SOHD,MASP,SL)
VALUES('1006','TV07','20')
INSERT INTO CTHD(SOHD,MASP,SL)
VALUES('1006','ST01','30')
INSERT INTO CTHD(SOHD,MASP,SL)
VALUES('1006','ST02','10')
INSERT INTO CTHD(SOHD,MASP,SL)
VALUES('1007','ST03','10')
INSERT INTO CTHD(SOHD,MASP,SL)
VALUES('1008','ST04','8')
INSERT INTO CTHD(SOHD,MASP,SL)
VALUES('1009','ST05','10')
INSERT INTO CTHD(SOHD,MASP,SL)
VALUES('1010','TV07','50')
INSERT INTO CTHD(SOHD,MASP,SL)
VALUES('1010','ST07','50')
INSERT INTO CTHD(SOHD,MASP,SL)
VALUES('1010','ST08','100')
INSERT INTO CTHD(SOHD,MASP,SL)
VALUES('1010','ST04','50')
INSERT INTO CTHD(SOHD,MASP,SL)
VALUES('1010','TV03','100')
INSERT INTO CTHD(SOHD,MASP,SL)
VALUES('1011','ST06','50')
INSERT INTO CTHD(SOHD,MASP,SL)
VALUES('1012','ST07','3')
INSERT INTO CTHD(SOHD,MASP,SL)
VALUES('1013','ST08','5')
INSERT INTO CTHD(SOHD,MASP,SL)
VALUES('1014','BC02','80')
INSERT INTO CTHD(SOHD,MASP,SL)
VALUES('1014','BB02','100')
INSERT INTO CTHD(SOHD,MASP,SL)
VALUES('1014','BC04','60')
INSERT INTO CTHD(SOHD,MASP,SL)
VALUES('1014','BC04','60')
INSERT INTO CTHD(SOHD,MASP,SL)
VALUES('1014','BB01','50')
INSERT INTO CTHD(SOHD,MASP,SL)
VALUES('1015','BB02','30')
INSERT INTO CTHD(SOHD,MASP,SL)
VALUES('1015','BB03','7')
INSERT INTO CTHD(SOHD,MASP,SL)
VALUES('1016','TV01','5')
INSERT INTO CTHD(SOHD,MASP,SL)
VALUES('1017','TV02','1')
INSERT INTO CTHD(SOHD,MASP,SL)
VALUES('1017','TV03','1')
INSERT INTO CTHD(SOHD,MASP,SL)
VALUES('1017','TV04','5')
INSERT INTO CTHD(SOHD,MASP,SL)
VALUES('1018','ST04','6')
INSERT INTO CTHD(SOHD,MASP,SL)
VALUES('1019','ST05','1')
INSERT INTO CTHD(SOHD,MASP,SL)
VALUES('1019','ST06','2')
INSERT INTO CTHD(SOHD,MASP,SL)
VALUES('1020','ST07','10')
INSERT INTO CTHD(SOHD,MASP,SL)
VALUES('1021','ST08','5')
INSERT INTO CTHD(SOHD,MASP,SL)
VALUES('1021','TV01','7')
INSERT INTO CTHD(SOHD,MASP,SL)
VALUES('1021','TV02','10')
INSERT INTO CTHD(SOHD,MASP,SL)
VALUES('1022','ST07','1')
INSERT INTO CTHD(SOHD,MASP,SL)
VALUES('1023','ST04','6')


